{"cameraMode":{"drawMode":0,"name":"Shaded","section":"Shading Mode"},"sceneLighting":false,"audioPlay":false,"sceneViewState":{"showFog":true,"showMaterialUpdate":false,"showSkybox":false,"showFlares":true,"showImageEffects":true,"showParticleSystems":true},"in2DMode":false,"pivot":{"x":-0.14762115478515626,"y":9.539186477661133,"z":-0.08905410766601563},"rotation":{"x":-0.6785110831260681,"y":-0.009477159008383751,"z":0.008754963986575604,"w":-0.7344789505004883},"size":69.62731170654297,"orthographic":false}