{"cameraMode":{"drawMode":0,"name":"Shaded","section":"Shading Mode"},"sceneLighting":true,"audioPlay":false,"sceneViewState":{"showFog":true,"showMaterialUpdate":false,"showSkybox":true,"showFlares":true,"showImageEffects":true,"showParticleSystems":true},"in2DMode":false,"pivot":{"x":77.81294250488281,"y":-2396.6396484375,"z":177.1285400390625},"rotation":{"x":-0.0028251486364752056,"y":0.996220588684082,"z":-0.07967866957187653,"w":-0.035585369914770129},"size":774.1182861328125,"orthographic":true}