{"cameraMode":{"drawMode":0,"name":"Shaded","section":"Shading Mode"},"sceneLighting":true,"audioPlay":false,"sceneViewState":{"showFog":true,"showMaterialUpdate":true,"showSkybox":true,"showFlares":true,"showImageEffects":true,"showParticleSystems":true},"in2DMode":false,"pivot":{"x":15.731437683105469,"y":-38.4255485534668,"z":439.4690856933594},"rotation":{"x":0.01596149429678917,"y":0.9770769476890564,"z":-0.19785737991333009,"w":0.07811193913221359},"size":90.24159240722656,"orthographic":false}