{"cameraMode":{"drawMode":0,"name":"Shaded","section":"Shading Mode"},"sceneLighting":true,"audioPlay":false,"sceneViewState":{"showFog":true,"showMaterialUpdate":true,"showSkybox":true,"showFlares":true,"showImageEffects":true,"showParticleSystems":true},"in2DMode":false,"pivot":{"x":2.214031219482422,"y":-41.668235778808597,"z":441.63720703125},"rotation":{"x":0.0008701537735760212,"y":0.9983943700790405,"z":0.05665918067097664,"w":-0.013169965706765652},"size":151.86663818359376,"orthographic":false}